artist,description,height,image,price,size,title,url_id,width
Alexandra MAS,"It is part of ""Préconçue"" art show, against preconceived ideas attached to women in the occidental society. The artist is presenting self-portraits (here photography presented in a wood doll like box and a text printed on plexi) ""We are the balance of our genes, our cultural heritage, our way in life, our dreams, and also a product of the way others see us. When flattered or insulted, often we adopt it and use it. These derogatory or rewarding views participate actively in our personal development. Complicated, weak, bewitching, wounded, or hilarious, I think of these views as ""another me"" perceived from another person's prism- fashioned by his culture, heritage, and experiences. We develop ourselves with each encounter, as intimate artworks on the border of incomprehension. When you add ignorance and intolerance to the way others see us, you get preconceived ideas. ""Préconçue"" -Preconceived- is a group of pictographic self-portraits with which I try to illustrate, in a militant way using the ridiculous and the kitsch, some labels society likes to associate with women and femininity. After several years of sociological research at every level, I managed to isolate 12 subjects for my artistic experiment, all experiencing these absurd and contradictory stereotypes."" tells us, Alexandra Mas, visual artist",47.24,"[u'http://ecx.images-amazon.com/images/I/519lYUvAxDL._QL70_.jpg', u'http://ecx.images-amazon.com/images/I/519lYUvAxDL._QL70_.jpg', u'http://ecx.images-amazon.com/images/I/519lYUvAxDL._QL70_.jpg"" data-old-hires="""" onload=""this.onload=\'\';setCSMReq(\'af\');setCSMReq(\'cf\');"" class=""a-dynamic-image a-stretch-horizontal"" id=""fine-art-landingImage"" data-a-dynamic-image=""{&quot;http://ecx.images-amazon.com/images/I/519lYUvAxDL.jpg', u'http://ecx.images-amazon.com/images/I/519lYUvAxDL._SS58_.jpg', u'http://ecx.images-amazon.com/images/I/519lYUvAxDL._SS58_.jpg"",""large"":""http://ecx.images-amazon.com/images/I/519lYUvAxDL.jpg"",""main"":{""http://ecx.images-amazon.com/images/I/519lYUvAxDL.jpg', u'http://ecx.images-amazon.com/images/I/11dM4HxoDOL.jpg']",5100.0,"[u'47.24', u'31.5', u'3.94 in.']","For sale,",B015EOYYEE,31.5
joel degrand,"Uniforms, Outfits, & Accessories We think of the word ""uniform"" to mean the distinctive clothing worn by members of the same organization. However, in today's society the term is somewhat distilled and can be used interchangeably to denote outfits that are similar in nature, but not exactly the same, and not necessarily worn by members of an organization. The history of the uniform, goes back to the history of clothing and textiles. Textiles are defined as felt or spun fibers made into yarn that are netted, looped and knitted or woven into fabrics. They first appeared in the Middle East during the late Stone Age. From these ancient times to the present day, the production of textiles evolved and influenced how people clothed themselves. Uniforms, and outfits, are a decisive part of the human physical appearance and this appearance has a social significance in all parts of the world. Every society has a dress code that is well defined and understood by most members of that particular group. The dress code has specific rules, which in turn signal a message given by a person's clothing and the way it is worn. The message may indicate income, social class, religious affiliation, attitude, sexual orientation, marital status, or sexual availability. It may be seen in the clothes worn in the armed services, the paramilitary, the police, security guards, and the clergy. It can also be seen in shops, banks, post offices airports, bars, restaurants and hotels, sports teams, clubs, schools, and prisons. Sometimes corporations use uniforms to create a brand or corporate image. (The first service uniform registered in the U.S. Patent and Trademark office was the Playboy Bunny outfit.). Uniforms, and outfits in general, send social signals that usually indicate personal and cultural identity. The idea of dress code works on many levels and is defined in many ways. One examp...",90.0,"[u'http://ecx.images-amazon.com/images/I/51MCovXGdsL._QL70_.jpg', u'http://ecx.images-amazon.com/images/I/51MCovXGdsL._QL70_.jpg', u'http://ecx.images-amazon.com/images/I/51MCovXGdsL._QL70_.jpg"" data-old-hires=""http://ecx.images-amazon.com/images/I/817GPJWY-qL._SL1500_.jpg"" onload=""this.onload=\'\';setCSMReq(\'af\');setCSMReq(\'cf\');"" class=""a-dynamic-image a-stretch-horizontal"" id=""fine-art-landingImage"" data-a-dynamic-image=""{&quot;http://ecx.images-amazon.com/images/I/817GPJWY-qL._SY500_.jpg', u'http://ecx.images-amazon.com/images/I/51MCovXGdsL._SS58_.jpg', u'http://ecx.images-amazon.com/images/I/817GPJWY-qL._SL1500_.jpg"",""thumb"":""http://ecx.images-amazon.com/images/I/51MCovXGdsL._SS58_.jpg"",""large"":""http://ecx.images-amazon.com/images/I/51MCovXGdsL.jpg"",""main"":{""http://ecx.images-amazon.com/images/I/817GPJWY-qL._SY500_.jpg', u'http://ecx.images-amazon.com/images/I/11YHSx0TXuL.jpg']",10000.0,"[u'90', u'72', u'0.5 in.']","Steve, Fireman, Beverly Shores, IN,",B00IRTE78C,72.0
Simon Carruthers,"Consumption has moved from a means towards an ends - living - to being an end in its own right."" -Yiannis Gabriel, 1995 ""Mass production decreases our emotional attachment to our possessions, making them easier to discard."" - Howies, 2007 Every item we own has an origin. Everything that surrounds us in our homes, in our workplace, and throughout our modern metropolis, has been extracted from the natural world. The man-made world is a world that has been wholly created from the raw materials found on, and just beneath the earth's surface. As it is true that all these items have an origin, it is also true that the components of the synthetic world have a destiny - a final resting place - for when we no longer require them. Their presence in our company is often fleeting. Once it has been decided that they are no longer wanted or needed, manufactured goods are returned to the earth, as waste. Cycles is an ongoing UK based project that looks at the methods and the results of an accelerated climate of consumerism. The images tend to fall into one of two categories; the infrastructure supporting the consumption of domestic goods, and the net results of our consumption. The series was inspired by a sustainability report published in 2006 concluding that in the UK we use over three times our share of global resources. Through my photography I explore issues concerning mans impact upon the land, both individually and collectively, and the decisions and actions undertaken in the name ofprogress.  Motivated by our increasingly globalised society and the implications this has on urban and rural landscapes, as well as on the individual, my work sets out to document the consequences of increased homogenisation and to investigate the nature/culture conflict.",11.0,"[u'http://ecx.images-amazon.com/images/I/613O0HY5wHL._QL70_.jpg', u'http://ecx.images-amazon.com/images/I/613O0HY5wHL._QL70_.jpg', u'http://ecx.images-amazon.com/images/I/613O0HY5wHL._QL70_.jpg"" data-old-hires=""http://ecx.images-amazon.com/images/I/81eAI7W0SnL._SL1000_.jpg"" onload=""this.onload=\'\';setCSMReq(\'af\');setCSMReq(\'cf\');"" class=""a-dynamic-image a-stretch-horizontal"" id=""fine-art-landingImage"" data-a-dynamic-image=""{&quot;http://ecx.images-amazon.com/images/I/81eAI7W0SnL._SY500_.jpg&quot;:[500,625],&quot;http://ecx.images-amazon.com/images/I/81eAI7W0SnL._SX500_.jpg', u'http://ecx.images-amazon.com/images/I/613O0HY5wHL._SS58_.jpg', u'http://ecx.images-amazon.com/images/I/81eAI7W0SnL._SL1000_.jpg"",""thumb"":""http://ecx.images-amazon.com/images/I/613O0HY5wHL._SS58_.jpg"",""large"":""http://ecx.images-amazon.com/images/I/613O0HY5wHL.jpg"",""main"":{""http://ecx.images-amazon.com/images/I/81eAI7W0SnL._SX500_.jpg"":[400,500],""http://ecx.images-amazon.com/images/I/81eAI7W0SnL._SY500_.jpg', u'http://ecx.images-amazon.com/images/I/31HxbavnGpL.jpg', u'http://ecx.images-amazon.com/images/I/613O0HY5wHL.jpg"",""variant"":""MAIN"",""hiRes"":""http://ecx.images-amazon.com/images/I/81eAI7W0SnL._SL1000_.jpg"",""thumb"":""http://ecx.images-amazon.com/images/I/613O0HY5wHL._SS58_.jpg"",""main"":{""http://ecx.images-amazon.com/images/I/81eAI7W0SnL._SY500_.jpg"":[""500"",""625""],""http://ecx.images-amazon.com/images/I/81eAI7W0SnL._SX500_.jpg"":[""400"",""500""],""http://ecx.images-amazon.com/images/I/81eAI7W0SnL._SY590_.jpg"":[""590"",""738""]}}],""30x40 in."":[{""large"":""http://ecx.images-amazon.com/images/I/613O0HY5wHL.jpg"",""variant"":""MAIN"",""hiRes"":""http://ecx.images-amazon.com/images/I/81eAI7W0SnL._SL1000_.jpg"",""thumb"":""http://ecx.images-amazon.com/images/I/613O0HY5wHL._SS58_.jpg"",""main"":{""http://ecx.images-amazon.com/images/I/81eAI7W0SnL._SY500_.jpg"":[""500"",""625""],""http://ecx.images-amazon.com/images/I/81eAI7W0SnL._SX500_.jpg"":[""400"",""500""],""http://ecx.images-amazon.com/images/I/81eAI7W0SnL._SY590_.jpg"":[""590"",""738""]}}],""16x20 in."":[{""large"":""http://ecx.images-amazon.com/images/I/613O0HY5wHL.jpg"",""variant"":""MAIN"",""hiRes"":""http://ecx.images-amazon.com/images/I/81eAI7W0SnL._SL1000_.jpg"",""thumb"":""http://ecx.images-amazon.com/images/I/613O0HY5wHL._SS58_.jpg"",""main"":{""http://ecx.images-amazon.com/images/I/81eAI7W0SnL._SY500_.jpg"":[""500"",""625""],""http://ecx.images-amazon.com/images/I/81eAI7W0SnL._SX500_.jpg"":[""400"",""500""],""http://ecx.images-amazon.com/images/I/81eAI7W0SnL._SY590_.jpg"":[""590"",""738""]}}],""11x14 in."":[{""large"":""http://ecx.images-amazon.com/images/I/613O0HY5wHL.jpg"",""variant"":""MAIN"",""hiRes"":""http://ecx.images-amazon.com/images/I/81eAI7W0SnL._SL1000_.jpg"",""thumb"":""http://ecx.images-amazon.com/images/I/613O0HY5wHL._SS58_.jpg"",""main"":{""http://ecx.images-amazon.com/images/I/81eAI7W0SnL._SY500_.jpg"":[""500"",""625""],""http://ecx.images-amazon.com/images/I/81eAI7W0SnL._SX500_.jpg"":[""400"",""500""],""http://ecx.images-amazon.com/images/I/81eAI7W0SnL._SY590_.jpg']",100.0,"[u'11', u'14 in.']","Untitled (Pallets),",B00LLQ152E,14.0
Susan Copich,,,"[u'http://ecx.images-amazon.com/images/I/51KYxfsGykL._QL70_.jpg', u'http://ecx.images-amazon.com/images/I/51KYxfsGykL._QL70_.jpg', u'http://ecx.images-amazon.com/images/I/51KYxfsGykL._QL70_.jpg"" data-old-hires=""http://ecx.images-amazon.com/images/I/81e-EAd2T3L._SL1500_.jpg"" onload=""this.onload=\'\';setCSMReq(\'af\');setCSMReq(\'cf\');"" class=""a-dynamic-image a-stretch-horizontal"" id=""fine-art-landingImage"" data-a-dynamic-image=""{&quot;http://ecx.images-amazon.com/images/I/81e-EAd2T3L._SX700_.jpg&quot;:[452,700],&quot;http://ecx.images-amazon.com/images/I/81e-EAd2T3L._SX500_.jpg&quot;:[323,500],&quot;http://ecx.images-amazon.com/images/I/81e-EAd2T3L._SY500_.jpg', u'http://ecx.images-amazon.com/images/I/51KYxfsGykL._SS58_.jpg', u'http://ecx.images-amazon.com/images/I/81e-EAd2T3L._SL1500_.jpg"",""thumb"":""http://ecx.images-amazon.com/images/I/51KYxfsGykL._SS58_.jpg"",""large"":""http://ecx.images-amazon.com/images/I/51KYxfsGykL.jpg"",""main"":{""http://ecx.images-amazon.com/images/I/81e-EAd2T3L._SX500_.jpg"":[323,500],""http://ecx.images-amazon.com/images/I/81e-EAd2T3L._SX700_.jpg"":[452,700],""http://ecx.images-amazon.com/images/I/81e-EAd2T3L._SY500_.jpg', u'http://ecx.images-amazon.com/images/I/41dEyUSeYcL.jpg', u'http://ecx.images-amazon.com/images/I/51KYxfsGykL.jpg"",""variant"":""MAIN"",""hiRes"":""http://ecx.images-amazon.com/images/I/81e-EAd2T3L._SL1500_.jpg"",""thumb"":""http://ecx.images-amazon.com/images/I/51KYxfsGykL._SS58_.jpg"",""main"":{""http://ecx.images-amazon.com/images/I/81e-EAd2T3L._SY590_.jpg"":[""590"",""913""],""http://ecx.images-amazon.com/images/I/81e-EAd2T3L._SY500_.jpg"":[""500"",""774""],""http://ecx.images-amazon.com/images/I/81e-EAd2T3L._SX700_.jpg"":[""452"",""700""],""http://ecx.images-amazon.com/images/I/81e-EAd2T3L._SX500_.jpg"":[""323"",""500""]}}],""Medium"":[{""large"":""http://ecx.images-amazon.com/images/I/51KYxfsGykL.jpg"",""variant"":""MAIN"",""hiRes"":""http://ecx.images-amazon.com/images/I/81e-EAd2T3L._SL1500_.jpg"",""thumb"":""http://ecx.images-amazon.com/images/I/51KYxfsGykL._SS58_.jpg"",""main"":{""http://ecx.images-amazon.com/images/I/81e-EAd2T3L._SY590_.jpg"":[""590"",""913""],""http://ecx.images-amazon.com/images/I/81e-EAd2T3L._SY500_.jpg"":[""500"",""774""],""http://ecx.images-amazon.com/images/I/81e-EAd2T3L._SX700_.jpg"":[""452"",""700""],""http://ecx.images-amazon.com/images/I/81e-EAd2T3L._SX500_.jpg"":[""323"",""500""]}}],""Large"":[{""large"":""http://ecx.images-amazon.com/images/I/51KYxfsGykL.jpg"",""variant"":""MAIN"",""hiRes"":""http://ecx.images-amazon.com/images/I/81e-EAd2T3L._SL1500_.jpg"",""thumb"":""http://ecx.images-amazon.com/images/I/51KYxfsGykL._SS58_.jpg"",""main"":{""http://ecx.images-amazon.com/images/I/81e-EAd2T3L._SY590_.jpg"":[""590"",""913""],""http://ecx.images-amazon.com/images/I/81e-EAd2T3L._SY500_.jpg"":[""500"",""774""],""http://ecx.images-amazon.com/images/I/81e-EAd2T3L._SX700_.jpg"":[""452"",""700""],""http://ecx.images-amazon.com/images/I/81e-EAd2T3L._SX500_.jpg']",3500.0,[u'Large'],"Let Go,",B00SVIN0W8,
Daniela Federici,"Daniela's glamorous and cinematic style of work takes her around the globe to shoot in exotic destinations. Her work appears regularly in Vogue, GQ, Vanity Fair and Elle magazines, to name but a few. Legends such as Prince, Lenny Kravitz, Radiohead and Catherine Zeta Jones have clamoured to appear before her lens.",24.0,"[u'http://ecx.images-amazon.com/images/I/41w7jMoJoyL._QL70_.jpg', u'http://ecx.images-amazon.com/images/I/41w7jMoJoyL._QL70_.jpg', u'http://ecx.images-amazon.com/images/I/41w7jMoJoyL._QL70_.jpg"" data-old-hires=""http://ecx.images-amazon.com/images/I/51e%2BSWWegrL._SL1400_.jpg"" onload=""this.onload=\'\';setCSMReq(\'af\');setCSMReq(\'cf\');"" class=""a-dynamic-image a-stretch-horizontal"" id=""fine-art-landingImage"" data-a-dynamic-image=""{&quot;http://ecx.images-amazon.com/images/I/51e%2BSWWegrL._SY500_.jpg', u'http://ecx.images-amazon.com/images/I/41w7jMoJoyL._SS58_.jpg', u'http://ecx.images-amazon.com/images/I/51e%2BSWWegrL._SL1400_.jpg"",""thumb"":""http://ecx.images-amazon.com/images/I/41w7jMoJoyL._SS58_.jpg"",""large"":""http://ecx.images-amazon.com/images/I/41w7jMoJoyL.jpg"",""main"":{""http://ecx.images-amazon.com/images/I/51e%2BSWWegrL._SY500_.jpg', u'http://ecx.images-amazon.com/images/I/31YFI298D3L.jpg', u'http://ecx.images-amazon.com/images/I/41w7jMoJoyL.jpg"",""variant"":""MAIN"",""hiRes"":""http://ecx.images-amazon.com/images/I/51e%2BSWWegrL._SL1400_.jpg"",""thumb"":""http://ecx.images-amazon.com/images/I/41w7jMoJoyL._SS58_.jpg"",""main"":{""http://ecx.images-amazon.com/images/I/51e%2BSWWegrL._SY590_.jpg"":[""590"",""442""],""http://ecx.images-amazon.com/images/I/51e%2BSWWegrL._SY500_.jpg"":[""500"",""375""]}}],""24 x 18 in."":[{""large"":""http://ecx.images-amazon.com/images/I/41w7jMoJoyL.jpg"",""variant"":""MAIN"",""hiRes"":""http://ecx.images-amazon.com/images/I/51e%2BSWWegrL._SL1400_.jpg"",""thumb"":""http://ecx.images-amazon.com/images/I/41w7jMoJoyL._SS58_.jpg"",""main"":{""http://ecx.images-amazon.com/images/I/51e%2BSWWegrL._SY590_.jpg"":[""590"",""442""],""http://ecx.images-amazon.com/images/I/51e%2BSWWegrL._SY500_.jpg']",480.0,"[u'24', u'18 in.']","Prince,",B016VGHA04,18.0
,,,[],,,,B01EKBYJYW,
,,,[],,,,B00H9MAHUK,
Leo Mason,"Sporting history is made. This is the first time ever a remote camera rig, designed by legendary sports photographer Leo Mason, was attached to an F1 car. The image is of the late great Ayrton Senna turning the steering wheel in his Marlboro McLaren.",12.0,"[u'http://ecx.images-amazon.com/images/I/51SKAEkpPpL._QL70_.jpg', u'http://ecx.images-amazon.com/images/I/51SKAEkpPpL._QL70_.jpg', u'http://ecx.images-amazon.com/images/I/51SKAEkpPpL._QL70_.jpg"" data-old-hires=""http://ecx.images-amazon.com/images/I/713xnOACCpL._SL1400_.jpg"" onload=""this.onload=\'\';setCSMReq(\'af\');setCSMReq(\'cf\');"" class=""a-dynamic-image a-stretch-horizontal"" id=""fine-art-landingImage"" data-a-dynamic-image=""{&quot;http://ecx.images-amazon.com/images/I/713xnOACCpL._SX700_.jpg&quot;:[467,700],&quot;http://ecx.images-amazon.com/images/I/713xnOACCpL._SY500_.jpg&quot;:[500,750],&quot;http://ecx.images-amazon.com/images/I/713xnOACCpL._SX500_.jpg', u'http://ecx.images-amazon.com/images/I/51SKAEkpPpL._SS58_.jpg', u'http://ecx.images-amazon.com/images/I/713xnOACCpL._SL1400_.jpg"",""thumb"":""http://ecx.images-amazon.com/images/I/51SKAEkpPpL._SS58_.jpg"",""large"":""http://ecx.images-amazon.com/images/I/51SKAEkpPpL.jpg"",""main"":{""http://ecx.images-amazon.com/images/I/713xnOACCpL._SX500_.jpg"":[333,500],""http://ecx.images-amazon.com/images/I/713xnOACCpL._SX700_.jpg"":[467,700],""http://ecx.images-amazon.com/images/I/713xnOACCpL._SY500_.jpg', u'http://ecx.images-amazon.com/images/I/31YFI298D3L.jpg', u'http://ecx.images-amazon.com/images/I/51SKAEkpPpL.jpg"",""variant"":""MAIN"",""hiRes"":""http://ecx.images-amazon.com/images/I/713xnOACCpL._SL1400_.jpg"",""thumb"":""http://ecx.images-amazon.com/images/I/51SKAEkpPpL._SS58_.jpg"",""main"":{""http://ecx.images-amazon.com/images/I/713xnOACCpL._SX500_.jpg"":[""333"",""500""],""http://ecx.images-amazon.com/images/I/713xnOACCpL._SY590_.jpg"":[""590"",""885""],""http://ecx.images-amazon.com/images/I/713xnOACCpL._SX700_.jpg"":[""466"",""700""],""http://ecx.images-amazon.com/images/I/713xnOACCpL._SY500_.jpg"":[""500"",""750""]}}],""34 x 51 in."":[{""large"":""http://ecx.images-amazon.com/images/I/51SKAEkpPpL.jpg"",""variant"":""MAIN"",""hiRes"":""http://ecx.images-amazon.com/images/I/713xnOACCpL._SL1400_.jpg"",""thumb"":""http://ecx.images-amazon.com/images/I/51SKAEkpPpL._SS58_.jpg"",""main"":{""http://ecx.images-amazon.com/images/I/713xnOACCpL._SX500_.jpg"":[""333"",""500""],""http://ecx.images-amazon.com/images/I/713xnOACCpL._SY590_.jpg"":[""590"",""885""],""http://ecx.images-amazon.com/images/I/713xnOACCpL._SX700_.jpg"":[""466"",""700""],""http://ecx.images-amazon.com/images/I/713xnOACCpL._SY500_.jpg"":[""500"",""750""]}}],""18 x 27 in."":[{""large"":""http://ecx.images-amazon.com/images/I/51SKAEkpPpL.jpg"",""variant"":""MAIN"",""hiRes"":""http://ecx.images-amazon.com/images/I/713xnOACCpL._SL1400_.jpg"",""thumb"":""http://ecx.images-amazon.com/images/I/51SKAEkpPpL._SS58_.jpg"",""main"":{""http://ecx.images-amazon.com/images/I/713xnOACCpL._SX500_.jpg"":[""333"",""500""],""http://ecx.images-amazon.com/images/I/713xnOACCpL._SY590_.jpg"":[""590"",""885""],""http://ecx.images-amazon.com/images/I/713xnOACCpL._SX700_.jpg"":[""466"",""700""],""http://ecx.images-amazon.com/images/I/713xnOACCpL._SY500_.jpg']",288.0,"[u'12', u'18 in.']","Ayrton Senna F1,",B016VGE62E,18.0
Susan Copich,,,"[u'http://ecx.images-amazon.com/images/I/51-X0RE%2BnmL._QL70_.jpg', u'http://ecx.images-amazon.com/images/I/51-X0RE%2BnmL._QL70_.jpg', u'http://ecx.images-amazon.com/images/I/51-X0RE%2BnmL._QL70_.jpg"" data-old-hires=""http://ecx.images-amazon.com/images/I/815Vc%2B0DbJL._SL1500_.jpg"" onload=""this.onload=\'\';setCSMReq(\'af\');setCSMReq(\'cf\');"" class=""a-dynamic-image a-stretch-horizontal"" id=""fine-art-landingImage"" data-a-dynamic-image=""{&quot;http://ecx.images-amazon.com/images/I/815Vc%2B0DbJL._SX500_.jpg&quot;:[333,500],&quot;http://ecx.images-amazon.com/images/I/815Vc%2B0DbJL._SY500_.jpg&quot;:[500,750],&quot;http://ecx.images-amazon.com/images/I/815Vc%2B0DbJL._SX700_.jpg', u'http://ecx.images-amazon.com/images/I/51-X0RE%2BnmL._SS58_.jpg', u'http://ecx.images-amazon.com/images/I/815Vc%2B0DbJL._SL1500_.jpg"",""thumb"":""http://ecx.images-amazon.com/images/I/51-X0RE%2BnmL._SS58_.jpg"",""large"":""http://ecx.images-amazon.com/images/I/51-X0RE%2BnmL.jpg"",""main"":{""http://ecx.images-amazon.com/images/I/815Vc%2B0DbJL._SX500_.jpg"":[333,500],""http://ecx.images-amazon.com/images/I/815Vc%2B0DbJL._SX700_.jpg"":[467,700],""http://ecx.images-amazon.com/images/I/815Vc%2B0DbJL._SY500_.jpg', u'http://ecx.images-amazon.com/images/I/41dEyUSeYcL.jpg', u'http://ecx.images-amazon.com/images/I/51-X0RE%2BnmL.jpg"",""variant"":""MAIN"",""hiRes"":""http://ecx.images-amazon.com/images/I/815Vc%2B0DbJL._SL1500_.jpg"",""thumb"":""http://ecx.images-amazon.com/images/I/51-X0RE%2BnmL._SS58_.jpg"",""main"":{""http://ecx.images-amazon.com/images/I/815Vc%2B0DbJL._SY500_.jpg"":[""500"",""750""],""http://ecx.images-amazon.com/images/I/815Vc%2B0DbJL._SY590_.jpg"":[""590"",""885""],""http://ecx.images-amazon.com/images/I/815Vc%2B0DbJL._SX500_.jpg"":[""333"",""500""],""http://ecx.images-amazon.com/images/I/815Vc%2B0DbJL._SX700_.jpg"":[""467"",""700""]}}],""Medium"":[{""large"":""http://ecx.images-amazon.com/images/I/51-X0RE%2BnmL.jpg"",""variant"":""MAIN"",""hiRes"":""http://ecx.images-amazon.com/images/I/815Vc%2B0DbJL._SL1500_.jpg"",""thumb"":""http://ecx.images-amazon.com/images/I/51-X0RE%2BnmL._SS58_.jpg"",""main"":{""http://ecx.images-amazon.com/images/I/815Vc%2B0DbJL._SY500_.jpg"":[""500"",""750""],""http://ecx.images-amazon.com/images/I/815Vc%2B0DbJL._SY590_.jpg"":[""590"",""885""],""http://ecx.images-amazon.com/images/I/815Vc%2B0DbJL._SX500_.jpg"":[""333"",""500""],""http://ecx.images-amazon.com/images/I/815Vc%2B0DbJL._SX700_.jpg"":[""467"",""700""]}}],""Large"":[{""large"":""http://ecx.images-amazon.com/images/I/51-X0RE%2BnmL.jpg"",""variant"":""MAIN"",""hiRes"":""http://ecx.images-amazon.com/images/I/815Vc%2B0DbJL._SL1500_.jpg"",""thumb"":""http://ecx.images-amazon.com/images/I/51-X0RE%2BnmL._SS58_.jpg"",""main"":{""http://ecx.images-amazon.com/images/I/815Vc%2B0DbJL._SY500_.jpg"":[""500"",""750""],""http://ecx.images-amazon.com/images/I/815Vc%2B0DbJL._SY590_.jpg"":[""590"",""885""],""http://ecx.images-amazon.com/images/I/815Vc%2B0DbJL._SX500_.jpg"":[""333"",""500""],""http://ecx.images-amazon.com/images/I/815Vc%2B0DbJL._SX700_.jpg']",3500.0,[u'Large'],"Toy,",B00SVITN6A,
,,,[],,,,B016VGKAW4,
Tom Reed,An autumn storm breaks in Yosemite Valley.,20.0,"[u'http://ecx.images-amazon.com/images/I/51XnRDdslxL._QL70_.jpg', u'http://ecx.images-amazon.com/images/I/51XnRDdslxL._QL70_.jpg', u'http://ecx.images-amazon.com/images/I/51XnRDdslxL._QL70_.jpg"" data-old-hires=""http://ecx.images-amazon.com/images/I/81XWM1KNGjL._SL1500_.jpg"" onload=""this.onload=\'\';setCSMReq(\'af\');setCSMReq(\'cf\');"" class=""a-dynamic-image a-stretch-horizontal"" id=""fine-art-landingImage"" data-a-dynamic-image=""{&quot;http://ecx.images-amazon.com/images/I/81XWM1KNGjL._SY500_.jpg', u'http://ecx.images-amazon.com/images/I/51XnRDdslxL._SS58_.jpg', u'http://ecx.images-amazon.com/images/I/81XWM1KNGjL._SL1500_.jpg"",""thumb"":""http://ecx.images-amazon.com/images/I/51XnRDdslxL._SS58_.jpg"",""large"":""http://ecx.images-amazon.com/images/I/51XnRDdslxL.jpg"",""main"":{""http://ecx.images-amazon.com/images/I/81XWM1KNGjL._SY500_.jpg', u'http://ecx.images-amazon.com/images/I/11YHSx0TXuL.jpg']",320.0,"[u'20', u'16', u'0.1 in.']","Half Dome in a Breaking Storm,",B00NNA11KC,16.0
Mark Mawson,Mark's unique and highly original skill at capturing life underwater has won him many awards.,16.0,"[u'http://ecx.images-amazon.com/images/I/51-MLslqOZL._QL70_.jpg', u'http://ecx.images-amazon.com/images/I/51-MLslqOZL._QL70_.jpg', u'http://ecx.images-amazon.com/images/I/51-MLslqOZL._QL70_.jpg"" data-old-hires=""http://ecx.images-amazon.com/images/I/71K6uAfv4OL._SL1400_.jpg"" onload=""this.onload=\'\';setCSMReq(\'af\');setCSMReq(\'cf\');"" class=""a-dynamic-image a-stretch-horizontal"" id=""fine-art-landingImage"" data-a-dynamic-image=""{&quot;http://ecx.images-amazon.com/images/I/71K6uAfv4OL._SY500_.jpg', u'http://ecx.images-amazon.com/images/I/51-MLslqOZL._SS58_.jpg', u'http://ecx.images-amazon.com/images/I/71K6uAfv4OL._SL1400_.jpg"",""thumb"":""http://ecx.images-amazon.com/images/I/51-MLslqOZL._SS58_.jpg"",""large"":""http://ecx.images-amazon.com/images/I/51-MLslqOZL.jpg"",""main"":{""http://ecx.images-amazon.com/images/I/71K6uAfv4OL._SY500_.jpg', u'http://ecx.images-amazon.com/images/I/31YFI298D3L.jpg', u'http://ecx.images-amazon.com/images/I/51-MLslqOZL.jpg"",""variant"":""MAIN"",""hiRes"":""http://ecx.images-amazon.com/images/I/71K6uAfv4OL._SL1400_.jpg"",""thumb"":""http://ecx.images-amazon.com/images/I/51-MLslqOZL._SS58_.jpg"",""main"":{""http://ecx.images-amazon.com/images/I/71K6uAfv4OL._SY500_.jpg"":[""500"",""500""],""http://ecx.images-amazon.com/images/I/71K6uAfv4OL._SY590_.jpg"":[""590"",""590""]}}],""30 x 30 in."":[{""large"":""http://ecx.images-amazon.com/images/I/51-MLslqOZL.jpg"",""variant"":""MAIN"",""hiRes"":""http://ecx.images-amazon.com/images/I/71K6uAfv4OL._SL1400_.jpg"",""thumb"":""http://ecx.images-amazon.com/images/I/51-MLslqOZL._SS58_.jpg"",""main"":{""http://ecx.images-amazon.com/images/I/71K6uAfv4OL._SY500_.jpg"":[""500"",""500""],""http://ecx.images-amazon.com/images/I/71K6uAfv4OL._SY590_.jpg"":[""590"",""590""]}}],""16 x 16 in."":[{""large"":""http://ecx.images-amazon.com/images/I/51-MLslqOZL.jpg"",""variant"":""MAIN"",""hiRes"":""http://ecx.images-amazon.com/images/I/71K6uAfv4OL._SL1400_.jpg"",""thumb"":""http://ecx.images-amazon.com/images/I/51-MLslqOZL._SS58_.jpg"",""main"":{""http://ecx.images-amazon.com/images/I/71K6uAfv4OL._SY500_.jpg"":[""500"",""500""],""http://ecx.images-amazon.com/images/I/71K6uAfv4OL._SY590_.jpg']",400.0,"[u'16', u'16 in.']","fish splash,",B016VGCLNA,16.0
Susan Copich,,,"[u'http://ecx.images-amazon.com/images/I/51NwZKH7vIL._QL70_.jpg', u'http://ecx.images-amazon.com/images/I/51NwZKH7vIL._QL70_.jpg', u'http://ecx.images-amazon.com/images/I/51NwZKH7vIL._QL70_.jpg"" data-old-hires=""http://ecx.images-amazon.com/images/I/814wnqwrJFL._SL1500_.jpg"" onload=""this.onload=\'\';setCSMReq(\'af\');setCSMReq(\'cf\');"" class=""a-dynamic-image a-stretch-horizontal"" id=""fine-art-landingImage"" data-a-dynamic-image=""{&quot;http://ecx.images-amazon.com/images/I/814wnqwrJFL._SY500_.jpg', u'http://ecx.images-amazon.com/images/I/51NwZKH7vIL._SS58_.jpg', u'http://ecx.images-amazon.com/images/I/814wnqwrJFL._SL1500_.jpg"",""thumb"":""http://ecx.images-amazon.com/images/I/51NwZKH7vIL._SS58_.jpg"",""large"":""http://ecx.images-amazon.com/images/I/51NwZKH7vIL.jpg"",""main"":{""http://ecx.images-amazon.com/images/I/814wnqwrJFL._SY500_.jpg', u'http://ecx.images-amazon.com/images/I/41dEyUSeYcL.jpg', u'http://ecx.images-amazon.com/images/I/51NwZKH7vIL.jpg"",""variant"":""MAIN"",""hiRes"":""http://ecx.images-amazon.com/images/I/814wnqwrJFL._SL1500_.jpg"",""thumb"":""http://ecx.images-amazon.com/images/I/51NwZKH7vIL._SS58_.jpg"",""main"":{""http://ecx.images-amazon.com/images/I/814wnqwrJFL._SY590_.jpg"":[""590"",""393""],""http://ecx.images-amazon.com/images/I/814wnqwrJFL._SY500_.jpg"":[""500"",""333""]}}],""Medium"":[{""large"":""http://ecx.images-amazon.com/images/I/51NwZKH7vIL.jpg"",""variant"":""MAIN"",""hiRes"":""http://ecx.images-amazon.com/images/I/814wnqwrJFL._SL1500_.jpg"",""thumb"":""http://ecx.images-amazon.com/images/I/51NwZKH7vIL._SS58_.jpg"",""main"":{""http://ecx.images-amazon.com/images/I/814wnqwrJFL._SY590_.jpg"":[""590"",""393""],""http://ecx.images-amazon.com/images/I/814wnqwrJFL._SY500_.jpg"":[""500"",""333""]}}],""Large"":[{""large"":""http://ecx.images-amazon.com/images/I/51NwZKH7vIL.jpg"",""variant"":""MAIN"",""hiRes"":""http://ecx.images-amazon.com/images/I/814wnqwrJFL._SL1500_.jpg"",""thumb"":""http://ecx.images-amazon.com/images/I/51NwZKH7vIL._SS58_.jpg"",""main"":{""http://ecx.images-amazon.com/images/I/814wnqwrJFL._SY590_.jpg"":[""590"",""393""],""http://ecx.images-amazon.com/images/I/814wnqwrJFL._SY500_.jpg']",3500.0,[u'Large'],"Mommy Time,",B01BN92RJ8,
Katherine Gendreau,"This photograph is a long exposure seascape of the Portland Head Light in Cape Elizabeth, Maine. The exposure time was 301 seconds.",16.0,"[u'http://ecx.images-amazon.com/images/I/51v1lna5boL._QL70_.jpg', u'http://ecx.images-amazon.com/images/I/51v1lna5boL._QL70_.jpg', u'http://ecx.images-amazon.com/images/I/51v1lna5boL._QL70_.jpg"" data-old-hires=""http://ecx.images-amazon.com/images/I/91aowPoZbKL._SL1500_.jpg"" onload=""this.onload=\'\';setCSMReq(\'af\');setCSMReq(\'cf\');"" class=""a-dynamic-image a-stretch-horizontal"" id=""fine-art-landingImage"" data-a-dynamic-image=""{&quot;http://ecx.images-amazon.com/images/I/91aowPoZbKL._SX700_.jpg&quot;:[466,700],&quot;http://ecx.images-amazon.com/images/I/91aowPoZbKL._SX500_.jpg&quot;:[333,500],&quot;http://ecx.images-amazon.com/images/I/91aowPoZbKL._SY500_.jpg', u'http://ecx.images-amazon.com/images/I/51v1lna5boL._SS58_.jpg', u'http://ecx.images-amazon.com/images/I/91aowPoZbKL._SL1500_.jpg"",""thumb"":""http://ecx.images-amazon.com/images/I/51v1lna5boL._SS58_.jpg"",""large"":""http://ecx.images-amazon.com/images/I/51v1lna5boL.jpg"",""main"":{""http://ecx.images-amazon.com/images/I/91aowPoZbKL._SX500_.jpg"":[333,500],""http://ecx.images-amazon.com/images/I/91aowPoZbKL._SX700_.jpg"":[466,700],""http://ecx.images-amazon.com/images/I/91aowPoZbKL._SY500_.jpg', u'http://ecx.images-amazon.com/images/I/51v1lna5boL.jpg"",""variant"":""MAIN"",""hiRes"":""http://ecx.images-amazon.com/images/I/91aowPoZbKL._SL1500_.jpg"",""thumb"":""http://ecx.images-amazon.com/images/I/51v1lna5boL._SS58_.jpg"",""main"":{""http://ecx.images-amazon.com/images/I/91aowPoZbKL._SX700_.jpg"":[""466"",""700""],""http://ecx.images-amazon.com/images/I/91aowPoZbKL._SX500_.jpg"":[""333"",""500""],""http://ecx.images-amazon.com/images/I/91aowPoZbKL._SY590_.jpg"":[""590"",""885""],""http://ecx.images-amazon.com/images/I/91aowPoZbKL._SY500_.jpg"":[""500"",""750""]}}],""24x36 in."":[{""large"":""http://ecx.images-amazon.com/images/I/51v1lna5boL.jpg"",""variant"":""MAIN"",""hiRes"":""http://ecx.images-amazon.com/images/I/91aowPoZbKL._SL1500_.jpg"",""thumb"":""http://ecx.images-amazon.com/images/I/51v1lna5boL._SS58_.jpg"",""main"":{""http://ecx.images-amazon.com/images/I/91aowPoZbKL._SX700_.jpg"":[""466"",""700""],""http://ecx.images-amazon.com/images/I/91aowPoZbKL._SX500_.jpg"":[""333"",""500""],""http://ecx.images-amazon.com/images/I/91aowPoZbKL._SY590_.jpg"":[""590"",""885""],""http://ecx.images-amazon.com/images/I/91aowPoZbKL._SY500_.jpg']",175.0,"[u'16', u'24 in.']","Study in Grey,",B00EZHE1XG,24.0
,,,[],,,,B00H275A90,
,,,[],,,,B00DPY164C,
,,,[],,,,B00KYYNH8E,
Michael Verlangieri,"Old Surf Boards photographic art print by Michael Verlangieri. Limited to 25 prints, each print is hand signed and numbered. The image is printed ""Giclee"" on special imported photographic paper. The image size is 21.5 x 28 inches. The paper size is 24 x 30 inches.The image is printed using specially engineered ink technology for optimum image quality and over 100 years of lightfastness.",21.5,"[u'http://ecx.images-amazon.com/images/I/51%2B3CDCMvwL._QL70_.jpg', u'http://ecx.images-amazon.com/images/I/51%2B3CDCMvwL._QL70_.jpg', u'http://ecx.images-amazon.com/images/I/51%2B3CDCMvwL._QL70_.jpg"" data-old-hires=""http://ecx.images-amazon.com/images/I/81RyNpCU-SL._SL1500_.jpg"" onload=""this.onload=\'\';setCSMReq(\'af\');setCSMReq(\'cf\');"" class=""a-dynamic-image a-stretch-horizontal"" id=""fine-art-landingImage"" data-a-dynamic-image=""{&quot;http://ecx.images-amazon.com/images/I/81RyNpCU-SL._SX500_.jpg&quot;:[380,500],&quot;http://ecx.images-amazon.com/images/I/81RyNpCU-SL._SY500_.jpg', u'http://ecx.images-amazon.com/images/I/51%2B3CDCMvwL._SS58_.jpg""></button></span></span></span></span></li><li id=""fine-art-thumb1"" class=""a-align-top item thumb""><span class=""a-list-item""><span class=""a-declarative"" data-action=""thumb-action"" data-thumb-action=""{&quot;thumbnailIndex&quot;:1,&quot;index&quot;:1,&quot;type&quot;:&quot;image&quot;}""><span class=""a-button a-button-thumbnail a-button-toggle""><span class=""a-button-inner""><button class=""a-button-text"" type=""button""><img alt="""" src=""http://ecx.images-amazon.com/images/I/51OSSXOIPxL._SS58_.jpg""></button></span></span></span></span></li><li id=""fine-art-thumb2"" class=""a-align-top item thumb""><span class=""a-list-item""><span class=""a-declarative"" data-action=""thumb-action"" data-thumb-action=""{&quot;thumbnailIndex&quot;:2,&quot;index&quot;:2,&quot;type&quot;:&quot;image&quot;}""><span class=""a-button a-button-thumbnail a-button-toggle""><span class=""a-button-inner""><button class=""a-button-text"" type=""button""><img alt="""" src=""http://ecx.images-amazon.com/images/I/51c3Fp3NL9L._SS58_.jpg""></button></span></span></span></span></li><li id=""fine-art-thumb3"" class=""a-align-top item thumb""><span class=""a-list-item""><span class=""a-declarative"" data-action=""thumb-action"" data-thumb-action=""{&quot;thumbnailIndex&quot;:3,&quot;index&quot;:3,&quot;type&quot;:&quot;image&quot;}""><span class=""a-button a-button-thumbnail a-button-toggle""><span class=""a-button-inner""><button class=""a-button-text"" type=""button""><img alt="""" src=""http://ecx.images-amazon.com/images/I/5123SVFurCL._SS58_.jpg', u'http://ecx.images-amazon.com/images/I/81RyNpCU-SL._SL1500_.jpg"",""thumb"":""http://ecx.images-amazon.com/images/I/51%2B3CDCMvwL._SS58_.jpg"",""large"":""http://ecx.images-amazon.com/images/I/51%2B3CDCMvwL.jpg"",""main"":{""http://ecx.images-amazon.com/images/I/81RyNpCU-SL._SX500_.jpg"":[380,500],""http://ecx.images-amazon.com/images/I/81RyNpCU-SL._SY500_.jpg"":[500,658]},""variant"":""MAIN""},{""hiRes"":null,""thumb"":""http://ecx.images-amazon.com/images/I/51OSSXOIPxL._SS58_.jpg"",""large"":""http://ecx.images-amazon.com/images/I/51OSSXOIPxL.jpg"",""main"":{""http://ecx.images-amazon.com/images/I/51OSSXOIPxL.jpg"":[500,356]},""variant"":""PT01""},{""hiRes"":""http://ecx.images-amazon.com/images/I/811ZXnwjbsL._SL1500_.jpg"",""thumb"":""http://ecx.images-amazon.com/images/I/51c3Fp3NL9L._SS58_.jpg"",""large"":""http://ecx.images-amazon.com/images/I/51c3Fp3NL9L.jpg"",""main"":{""http://ecx.images-amazon.com/images/I/811ZXnwjbsL._SY500_.jpg"":[500,475]},""variant"":""PT02""},{""hiRes"":""http://ecx.images-amazon.com/images/I/71HVKEL-unL._SL1500_.jpg"",""thumb"":""http://ecx.images-amazon.com/images/I/5123SVFurCL._SS58_.jpg"",""large"":""http://ecx.images-amazon.com/images/I/5123SVFurCL.jpg"",""main"":{""http://ecx.images-amazon.com/images/I/71HVKEL-unL._SX500_.jpg"":[487,500],""http://ecx.images-amazon.com/images/I/71HVKEL-unL._SY500_.jpg', u'http://ecx.images-amazon.com/images/I/11YHSx0TXuL.jpg']",140.0,"[u'21.5', u'28 in.']","Old Surf Boards Hand Numbered Edition,",B00S60NF08,28.0
Susan Copich,,,"[u'http://ecx.images-amazon.com/images/I/516P0spATRL._QL70_.jpg', u'http://ecx.images-amazon.com/images/I/516P0spATRL._QL70_.jpg', u'http://ecx.images-amazon.com/images/I/516P0spATRL._QL70_.jpg"" data-old-hires=""http://ecx.images-amazon.com/images/I/81x6gnSB5fL._SL1500_.jpg"" onload=""this.onload=\'\';setCSMReq(\'af\');setCSMReq(\'cf\');"" class=""a-dynamic-image a-stretch-horizontal"" id=""fine-art-landingImage"" data-a-dynamic-image=""{&quot;http://ecx.images-amazon.com/images/I/81x6gnSB5fL._SY500_.jpg&quot;:[500,750],&quot;http://ecx.images-amazon.com/images/I/81x6gnSB5fL._SX700_.jpg&quot;:[467,700],&quot;http://ecx.images-amazon.com/images/I/81x6gnSB5fL._SX500_.jpg', u'http://ecx.images-amazon.com/images/I/516P0spATRL._SS58_.jpg', u'http://ecx.images-amazon.com/images/I/81x6gnSB5fL._SL1500_.jpg"",""thumb"":""http://ecx.images-amazon.com/images/I/516P0spATRL._SS58_.jpg"",""large"":""http://ecx.images-amazon.com/images/I/516P0spATRL.jpg"",""main"":{""http://ecx.images-amazon.com/images/I/81x6gnSB5fL._SX500_.jpg"":[333,500],""http://ecx.images-amazon.com/images/I/81x6gnSB5fL._SX700_.jpg"":[467,700],""http://ecx.images-amazon.com/images/I/81x6gnSB5fL._SY500_.jpg', u'http://ecx.images-amazon.com/images/I/41dEyUSeYcL.jpg', u'http://ecx.images-amazon.com/images/I/516P0spATRL.jpg"",""variant"":""MAIN"",""hiRes"":""http://ecx.images-amazon.com/images/I/81x6gnSB5fL._SL1500_.jpg"",""thumb"":""http://ecx.images-amazon.com/images/I/516P0spATRL._SS58_.jpg"",""main"":{""http://ecx.images-amazon.com/images/I/81x6gnSB5fL._SY500_.jpg"":[""500"",""750""],""http://ecx.images-amazon.com/images/I/81x6gnSB5fL._SY590_.jpg"":[""590"",""885""],""http://ecx.images-amazon.com/images/I/81x6gnSB5fL._SX700_.jpg"":[""467"",""700""],""http://ecx.images-amazon.com/images/I/81x6gnSB5fL._SX500_.jpg"":[""333"",""500""]}}],""Medium"":[{""large"":""http://ecx.images-amazon.com/images/I/516P0spATRL.jpg"",""variant"":""MAIN"",""hiRes"":""http://ecx.images-amazon.com/images/I/81x6gnSB5fL._SL1500_.jpg"",""thumb"":""http://ecx.images-amazon.com/images/I/516P0spATRL._SS58_.jpg"",""main"":{""http://ecx.images-amazon.com/images/I/81x6gnSB5fL._SY500_.jpg"":[""500"",""750""],""http://ecx.images-amazon.com/images/I/81x6gnSB5fL._SY590_.jpg"":[""590"",""885""],""http://ecx.images-amazon.com/images/I/81x6gnSB5fL._SX700_.jpg"":[""467"",""700""],""http://ecx.images-amazon.com/images/I/81x6gnSB5fL._SX500_.jpg"":[""333"",""500""]}}],""Large"":[{""large"":""http://ecx.images-amazon.com/images/I/516P0spATRL.jpg"",""variant"":""MAIN"",""hiRes"":""http://ecx.images-amazon.com/images/I/81x6gnSB5fL._SL1500_.jpg"",""thumb"":""http://ecx.images-amazon.com/images/I/516P0spATRL._SS58_.jpg"",""main"":{""http://ecx.images-amazon.com/images/I/81x6gnSB5fL._SY500_.jpg"":[""500"",""750""],""http://ecx.images-amazon.com/images/I/81x6gnSB5fL._SY590_.jpg"":[""590"",""885""],""http://ecx.images-amazon.com/images/I/81x6gnSB5fL._SX700_.jpg"":[""467"",""700""],""http://ecx.images-amazon.com/images/I/81x6gnSB5fL._SX500_.jpg']",3500.0,[u'Large'],"Sugar Rush,",B00SVISM5I,
,,,[],,,,B00IRTDXI2,
,,,[],,,,B00YDMJVFG,
Astro De Sagun,,10.0,"[u'http://ecx.images-amazon.com/images/I/51RR92eUvBL._QL70_.jpg', u'http://ecx.images-amazon.com/images/I/51RR92eUvBL._QL70_.jpg', u'http://ecx.images-amazon.com/images/I/51RR92eUvBL._QL70_.jpg"" data-old-hires="""" onload=""this.onload=\'\';setCSMReq(\'af\');setCSMReq(\'cf\');"" class=""a-dynamic-image a-stretch-horizontal"" id=""fine-art-landingImage"" data-a-dynamic-image=""{&quot;http://ecx.images-amazon.com/images/I/51RR92eUvBL.jpg', u'http://ecx.images-amazon.com/images/I/51RR92eUvBL._SS58_.jpg', u'http://ecx.images-amazon.com/images/I/51RR92eUvBL._SS58_.jpg"",""large"":""http://ecx.images-amazon.com/images/I/51RR92eUvBL.jpg"",""main"":{""http://ecx.images-amazon.com/images/I/51RR92eUvBL.jpg', u'http://ecx.images-amazon.com/images/I/41db-GbombL.jpg', u'http://ecx.images-amazon.com/images/I/51RR92eUvBL.jpg"",""variant"":""MAIN"",""thumb"":""http://ecx.images-amazon.com/images/I/51RR92eUvBL._SS58_.jpg"",""main"":{""http://ecx.images-amazon.com/images/I/51RR92eUvBL.jpg"":[""332"",""500""]}}],""10x15 in."":[{""large"":""http://ecx.images-amazon.com/images/I/51RR92eUvBL.jpg"",""variant"":""MAIN"",""thumb"":""http://ecx.images-amazon.com/images/I/51RR92eUvBL._SS58_.jpg"",""main"":{""http://ecx.images-amazon.com/images/I/51RR92eUvBL.jpg"":[""332"",""500""]}}],""14x21 in."":[{""large"":""http://ecx.images-amazon.com/images/I/51RR92eUvBL.jpg"",""variant"":""MAIN"",""thumb"":""http://ecx.images-amazon.com/images/I/51RR92eUvBL._SS58_.jpg"",""main"":{""http://ecx.images-amazon.com/images/I/51RR92eUvBL.jpg"":[""332"",""500""]}}],""28x42 in."":[{""large"":""http://ecx.images-amazon.com/images/I/51RR92eUvBL.jpg"",""variant"":""MAIN"",""thumb"":""http://ecx.images-amazon.com/images/I/51RR92eUvBL._SS58_.jpg"",""main"":{""http://ecx.images-amazon.com/images/I/51RR92eUvBL.jpg']",49.0,"[u'10', u'15 in.']","Windsor,",B0172I4XTQ,15.0
Jim Lee,"Signed, titled, numbered 2 of 15, and dated on recto.",60.0,"[u'http://ecx.images-amazon.com/images/I/519yBC8WOEL._QL70_.jpg', u'http://ecx.images-amazon.com/images/I/519yBC8WOEL._QL70_.jpg', u'http://ecx.images-amazon.com/images/I/519yBC8WOEL._QL70_.jpg"" data-old-hires=""http://ecx.images-amazon.com/images/I/81izgRj7d5L._SL1500_.jpg"" onload=""this.onload=\'\';setCSMReq(\'af\');setCSMReq(\'cf\');"" class=""a-dynamic-image a-stretch-horizontal"" id=""fine-art-landingImage"" data-a-dynamic-image=""{&quot;http://ecx.images-amazon.com/images/I/81izgRj7d5L._SY500_.jpg', u'http://ecx.images-amazon.com/images/I/519yBC8WOEL._SS58_.jpg', u'http://ecx.images-amazon.com/images/I/81izgRj7d5L._SL1500_.jpg"",""thumb"":""http://ecx.images-amazon.com/images/I/519yBC8WOEL._SS58_.jpg"",""large"":""http://ecx.images-amazon.com/images/I/519yBC8WOEL.jpg"",""main"":{""http://ecx.images-amazon.com/images/I/81izgRj7d5L._SY500_.jpg', u'http://ecx.images-amazon.com/images/I/21ZtcXdozEL.jpg']",9500.0,"[u'60', u'40 in.']","Robot,",B00E8VDHS4,40.0
Raphael Sloane,"Truffles, Mushrooms, Large Format Digital",17.0,"[u'http://ecx.images-amazon.com/images/I/51SSXUEkSrL._QL70_.jpg', u'http://ecx.images-amazon.com/images/I/51SSXUEkSrL._QL70_.jpg', u'http://ecx.images-amazon.com/images/I/51SSXUEkSrL._QL70_.jpg"" data-old-hires=""http://ecx.images-amazon.com/images/I/91yqpEhmXKL._SL1500_.jpg"" onload=""this.onload=\'\';setCSMReq(\'af\');setCSMReq(\'cf\');"" class=""a-dynamic-image a-stretch-horizontal"" id=""fine-art-landingImage"" data-a-dynamic-image=""{&quot;http://ecx.images-amazon.com/images/I/91yqpEhmXKL._SX500_.jpg&quot;:[283,500],&quot;http://ecx.images-amazon.com/images/I/91yqpEhmXKL._SX700_.jpg&quot;:[396,700],&quot;http://ecx.images-amazon.com/images/I/91yqpEhmXKL._SY500_.jpg', u'http://ecx.images-amazon.com/images/I/51SSXUEkSrL._SS58_.jpg', u'http://ecx.images-amazon.com/images/I/91yqpEhmXKL._SL1500_.jpg"",""thumb"":""http://ecx.images-amazon.com/images/I/51SSXUEkSrL._SS58_.jpg"",""large"":""http://ecx.images-amazon.com/images/I/51SSXUEkSrL.jpg"",""main"":{""http://ecx.images-amazon.com/images/I/91yqpEhmXKL._SX500_.jpg"":[283,500],""http://ecx.images-amazon.com/images/I/91yqpEhmXKL._SX700_.jpg"":[396,700],""http://ecx.images-amazon.com/images/I/91yqpEhmXKL._SY500_.jpg', u'http://ecx.images-amazon.com/images/I/11YHSx0TXuL.jpg']",450.0,"[u'17', u'22', u'1 in.']","Perigord Black Truffle,",B018DTNOJI,22.0
,,,[],,,,B00SVIL4XU,
ANSEL ADAMS,"Titled &quot;Winter Forest&quot; in an unknown hand together with studio stamp on mount verso. Printed ca 1965-70 An exceptionally beautiful print with an important provenance. A rare example of this image printed by Adams prior to the 1974 limited edition Portfolio VI. Between 1947 and the production of Portfolio VI, Adams made fewer than eight prints from this negative which included two screens and a mural sized print. It is estimated that only one or two prints of this size and quality were made.",10.75,"[u'http://ecx.images-amazon.com/images/I/61CCY23qgLL._QL70_.jpg', u'http://ecx.images-amazon.com/images/I/61CCY23qgLL._QL70_.jpg', u'http://ecx.images-amazon.com/images/I/61CCY23qgLL._QL70_.jpg"" data-old-hires=""http://ecx.images-amazon.com/images/I/71EYo5Zhx2L._SL1024_.jpg"" onload=""this.onload=\'\';setCSMReq(\'af\');setCSMReq(\'cf\');"" class=""a-dynamic-image a-stretch-horizontal"" id=""fine-art-landingImage"" data-a-dynamic-image=""{&quot;http://ecx.images-amazon.com/images/I/71EYo5Zhx2L._SY500_.jpg&quot;:[500,631],&quot;http://ecx.images-amazon.com/images/I/71EYo5Zhx2L._SX500_.jpg', u'http://ecx.images-amazon.com/images/I/61CCY23qgLL._SS58_.jpg', u'http://ecx.images-amazon.com/images/I/71EYo5Zhx2L._SL1024_.jpg"",""thumb"":""http://ecx.images-amazon.com/images/I/61CCY23qgLL._SS58_.jpg"",""large"":""http://ecx.images-amazon.com/images/I/61CCY23qgLL.jpg"",""main"":{""http://ecx.images-amazon.com/images/I/71EYo5Zhx2L._SX500_.jpg"":[396,500],""http://ecx.images-amazon.com/images/I/71EYo5Zhx2L._SY500_.jpg', u'http://ecx.images-amazon.com/images/I/31M9-ehNhHL.jpg']",14250.0,"[u'10.75', u'12.75 in.']","Fresh Snow, Yosemite, CA,",B00QU6P5KI,12.75
Harry Benson,"Signed, dated and 9 of 35 on recto.",24.0,"[u'http://ecx.images-amazon.com/images/I/51zMxr5Al8L._QL70_.jpg', u'http://ecx.images-amazon.com/images/I/51zMxr5Al8L._QL70_.jpg', u'http://ecx.images-amazon.com/images/I/51zMxr5Al8L._QL70_.jpg"" data-old-hires=""http://ecx.images-amazon.com/images/I/81zB4nuG7-L._SL1500_.jpg"" onload=""this.onload=\'\';setCSMReq(\'af\');setCSMReq(\'cf\');"" class=""a-dynamic-image a-stretch-horizontal"" id=""fine-art-landingImage"" data-a-dynamic-image=""{&quot;http://ecx.images-amazon.com/images/I/81zB4nuG7-L._SY500_.jpg', u'http://ecx.images-amazon.com/images/I/51zMxr5Al8L._SS58_.jpg', u'http://ecx.images-amazon.com/images/I/81zB4nuG7-L._SL1500_.jpg"",""thumb"":""http://ecx.images-amazon.com/images/I/51zMxr5Al8L._SS58_.jpg"",""large"":""http://ecx.images-amazon.com/images/I/51zMxr5Al8L.jpg"",""main"":{""http://ecx.images-amazon.com/images/I/81zB4nuG7-L._SY500_.jpg', u'http://ecx.images-amazon.com/images/I/21ZtcXdozEL.jpg']",7000.0,"[u'24', u'20 in.']","Michael Jackson on Throne,",B00E3IFJ56,20.0
,,,[],,,,B0170E9ARC,
Kevin O'Connell,"Scutt Mansion has had many ghost sightings over the years. Their is a doll room filled with creepy dolls that is very haunted. The room was too full for me to take once of my painting with light pictures, so I grabbed this creepy santa, and put him in another room that has been documented to have a lot of paranormal activity.",20.0,"[u'http://ecx.images-amazon.com/images/I/51GVqbGMe7L._QL70_.jpg', u'http://ecx.images-amazon.com/images/I/51GVqbGMe7L._QL70_.jpg', u'http://ecx.images-amazon.com/images/I/51GVqbGMe7L._QL70_.jpg"" data-old-hires=""http://ecx.images-amazon.com/images/I/91M98ek4eoL._SL1500_.jpg"" onload=""this.onload=\'\';setCSMReq(\'af\');setCSMReq(\'cf\');"" class=""a-dynamic-image a-stretch-horizontal"" id=""fine-art-landingImage"" data-a-dynamic-image=""{&quot;http://ecx.images-amazon.com/images/I/91M98ek4eoL._SY500_.jpg&quot;:[500,636],&quot;http://ecx.images-amazon.com/images/I/91M98ek4eoL._SX500_.jpg', u'http://ecx.images-amazon.com/images/I/51GVqbGMe7L._SS58_.jpg', u'http://ecx.images-amazon.com/images/I/91M98ek4eoL._SL1500_.jpg"",""thumb"":""http://ecx.images-amazon.com/images/I/51GVqbGMe7L._SS58_.jpg"",""large"":""http://ecx.images-amazon.com/images/I/51GVqbGMe7L.jpg"",""main"":{""http://ecx.images-amazon.com/images/I/91M98ek4eoL._SX500_.jpg"":[393,500],""http://ecx.images-amazon.com/images/I/91M98ek4eoL._SY500_.jpg', u'http://ecx.images-amazon.com/images/I/11YHSx0TXuL.jpg']",961.0,"[u'20', u'24', u'1 in.']","Painting with Light - Haunted Mansion,",B00P7NW1AM,24.0
Susan Copich,,,"[u'http://ecx.images-amazon.com/images/I/61iynVm3w0L._QL70_.jpg', u'http://ecx.images-amazon.com/images/I/61iynVm3w0L._QL70_.jpg', u'http://ecx.images-amazon.com/images/I/61iynVm3w0L._QL70_.jpg"" data-old-hires=""http://ecx.images-amazon.com/images/I/81822l1j7ZL._SL1500_.jpg"" onload=""this.onload=\'\';setCSMReq(\'af\');setCSMReq(\'cf\');"" class=""a-dynamic-image a-stretch-horizontal"" id=""fine-art-landingImage"" data-a-dynamic-image=""{&quot;http://ecx.images-amazon.com/images/I/81822l1j7ZL._SX500_.jpg&quot;:[333,500],&quot;http://ecx.images-amazon.com/images/I/81822l1j7ZL._SX700_.jpg&quot;:[467,700],&quot;http://ecx.images-amazon.com/images/I/81822l1j7ZL._SY500_.jpg', u'http://ecx.images-amazon.com/images/I/61iynVm3w0L._SS58_.jpg', u'http://ecx.images-amazon.com/images/I/81822l1j7ZL._SL1500_.jpg"",""thumb"":""http://ecx.images-amazon.com/images/I/61iynVm3w0L._SS58_.jpg"",""large"":""http://ecx.images-amazon.com/images/I/61iynVm3w0L.jpg"",""main"":{""http://ecx.images-amazon.com/images/I/81822l1j7ZL._SX500_.jpg"":[333,500],""http://ecx.images-amazon.com/images/I/81822l1j7ZL._SX700_.jpg"":[467,700],""http://ecx.images-amazon.com/images/I/81822l1j7ZL._SY500_.jpg', u'http://ecx.images-amazon.com/images/I/41dEyUSeYcL.jpg', u'http://ecx.images-amazon.com/images/I/61iynVm3w0L.jpg"",""variant"":""MAIN"",""hiRes"":""http://ecx.images-amazon.com/images/I/81822l1j7ZL._SL1500_.jpg"",""thumb"":""http://ecx.images-amazon.com/images/I/61iynVm3w0L._SS58_.jpg"",""main"":{""http://ecx.images-amazon.com/images/I/81822l1j7ZL._SY500_.jpg"":[""500"",""750""],""http://ecx.images-amazon.com/images/I/81822l1j7ZL._SX700_.jpg"":[""467"",""700""],""http://ecx.images-amazon.com/images/I/81822l1j7ZL._SX500_.jpg"":[""333"",""500""],""http://ecx.images-amazon.com/images/I/81822l1j7ZL._SY590_.jpg"":[""590"",""885""]}}],""Medium"":[{""large"":""http://ecx.images-amazon.com/images/I/61iynVm3w0L.jpg"",""variant"":""MAIN"",""hiRes"":""http://ecx.images-amazon.com/images/I/81822l1j7ZL._SL1500_.jpg"",""thumb"":""http://ecx.images-amazon.com/images/I/61iynVm3w0L._SS58_.jpg"",""main"":{""http://ecx.images-amazon.com/images/I/81822l1j7ZL._SY500_.jpg"":[""500"",""750""],""http://ecx.images-amazon.com/images/I/81822l1j7ZL._SX700_.jpg"":[""467"",""700""],""http://ecx.images-amazon.com/images/I/81822l1j7ZL._SX500_.jpg"":[""333"",""500""],""http://ecx.images-amazon.com/images/I/81822l1j7ZL._SY590_.jpg"":[""590"",""885""]}}],""Large"":[{""large"":""http://ecx.images-amazon.com/images/I/61iynVm3w0L.jpg"",""variant"":""MAIN"",""hiRes"":""http://ecx.images-amazon.com/images/I/81822l1j7ZL._SL1500_.jpg"",""thumb"":""http://ecx.images-amazon.com/images/I/61iynVm3w0L._SS58_.jpg"",""main"":{""http://ecx.images-amazon.com/images/I/81822l1j7ZL._SY500_.jpg"":[""500"",""750""],""http://ecx.images-amazon.com/images/I/81822l1j7ZL._SX700_.jpg"":[""467"",""700""],""http://ecx.images-amazon.com/images/I/81822l1j7ZL._SX500_.jpg"":[""333"",""500""],""http://ecx.images-amazon.com/images/I/81822l1j7ZL._SY590_.jpg']",3500.0,[u'Large'],"Mothers Day,",B00SVINN84,
Michael Verlangieri,"Old Surf Boards HUGE photographic art print by Michael Verlangieri. Limited to 25 prints, each print is hand signed and numbered. The image is printed ""Giclee"" on special imported photographic paper. The image size is 25.5x36 inches. The paper size is 28x38 inches. The image is printed using specially engineered ink technology for optimum image quality and over 100 years of lightfastness.",25.5,"[u'http://ecx.images-amazon.com/images/I/51%2B3CDCMvwL._QL70_.jpg', u'http://ecx.images-amazon.com/images/I/51%2B3CDCMvwL._QL70_.jpg', u'http://ecx.images-amazon.com/images/I/51%2B3CDCMvwL._QL70_.jpg"" data-old-hires=""http://ecx.images-amazon.com/images/I/81RyNpCU-SL._SL1500_.jpg"" onload=""this.onload=\'\';setCSMReq(\'af\');setCSMReq(\'cf\');"" class=""a-dynamic-image a-stretch-horizontal"" id=""fine-art-landingImage"" data-a-dynamic-image=""{&quot;http://ecx.images-amazon.com/images/I/81RyNpCU-SL._SX500_.jpg&quot;:[380,500],&quot;http://ecx.images-amazon.com/images/I/81RyNpCU-SL._SY500_.jpg', u'http://ecx.images-amazon.com/images/I/51%2B3CDCMvwL._SS58_.jpg""></button></span></span></span></span></li><li id=""fine-art-thumb1"" class=""a-align-top item thumb""><span class=""a-list-item""><span class=""a-declarative"" data-action=""thumb-action"" data-thumb-action=""{&quot;thumbnailIndex&quot;:1,&quot;index&quot;:1,&quot;type&quot;:&quot;image&quot;}""><span class=""a-button a-button-thumbnail a-button-toggle""><span class=""a-button-inner""><button class=""a-button-text"" type=""button""><img alt="""" src=""http://ecx.images-amazon.com/images/I/41pcMDBoDnL._SS58_.jpg""></button></span></span></span></span></li><li id=""fine-art-thumb2"" class=""a-align-top item thumb""><span class=""a-list-item""><span class=""a-declarative"" data-action=""thumb-action"" data-thumb-action=""{&quot;thumbnailIndex&quot;:2,&quot;index&quot;:2,&quot;type&quot;:&quot;image&quot;}""><span class=""a-button a-button-thumbnail a-button-toggle""><span class=""a-button-inner""><button class=""a-button-text"" type=""button""><img alt="""" src=""http://ecx.images-amazon.com/images/I/51c3Fp3NL9L._SS58_.jpg""></button></span></span></span></span></li><li id=""fine-art-thumb3"" class=""a-align-top item thumb""><span class=""a-list-item""><span class=""a-declarative"" data-action=""thumb-action"" data-thumb-action=""{&quot;thumbnailIndex&quot;:3,&quot;index&quot;:3,&quot;type&quot;:&quot;image&quot;}""><span class=""a-button a-button-thumbnail a-button-toggle""><span class=""a-button-inner""><button class=""a-button-text"" type=""button""><img alt="""" src=""http://ecx.images-amazon.com/images/I/5123SVFurCL._SS58_.jpg', u'http://ecx.images-amazon.com/images/I/81RyNpCU-SL._SL1500_.jpg"",""thumb"":""http://ecx.images-amazon.com/images/I/51%2B3CDCMvwL._SS58_.jpg"",""large"":""http://ecx.images-amazon.com/images/I/51%2B3CDCMvwL.jpg"",""main"":{""http://ecx.images-amazon.com/images/I/81RyNpCU-SL._SX500_.jpg"":[380,500],""http://ecx.images-amazon.com/images/I/81RyNpCU-SL._SY500_.jpg"":[500,658]},""variant"":""MAIN""},{""hiRes"":null,""thumb"":""http://ecx.images-amazon.com/images/I/41pcMDBoDnL._SS58_.jpg"",""large"":""http://ecx.images-amazon.com/images/I/41pcMDBoDnL.jpg"",""main"":{""http://ecx.images-amazon.com/images/I/41pcMDBoDnL.jpg"":[500,356]},""variant"":""PT01""},{""hiRes"":""http://ecx.images-amazon.com/images/I/811ZXnwjbsL._SL1500_.jpg"",""thumb"":""http://ecx.images-amazon.com/images/I/51c3Fp3NL9L._SS58_.jpg"",""large"":""http://ecx.images-amazon.com/images/I/51c3Fp3NL9L.jpg"",""main"":{""http://ecx.images-amazon.com/images/I/811ZXnwjbsL._SY500_.jpg"":[500,475]},""variant"":""PT02""},{""hiRes"":""http://ecx.images-amazon.com/images/I/71HVKEL-unL._SL1500_.jpg"",""thumb"":""http://ecx.images-amazon.com/images/I/5123SVFurCL._SS58_.jpg"",""large"":""http://ecx.images-amazon.com/images/I/5123SVFurCL.jpg"",""main"":{""http://ecx.images-amazon.com/images/I/71HVKEL-unL._SX500_.jpg"":[487,500],""http://ecx.images-amazon.com/images/I/71HVKEL-unL._SY500_.jpg', u'http://ecx.images-amazon.com/images/I/11YHSx0TXuL.jpg']",211.0,"[u'25.5', u'36 in.']","Old Surf Boards Hand Numbered Edition,",B00GRJ26O6,36.0
ANSEL ADAMS,Titled together with studio stamp on mount verso. Notation &quot;not for sale&quot; verso. An exceptional long tonal scale print which retains delicate highlights and rich blacks. Gift of the artist to his friend Al Weber and inscribed &quot;for Al Weber&quot; recto.,15.25,"[u'http://ecx.images-amazon.com/images/I/51NruPx-1IL._QL70_.jpg', u'http://ecx.images-amazon.com/images/I/51NruPx-1IL._QL70_.jpg', u'http://ecx.images-amazon.com/images/I/51NruPx-1IL._QL70_.jpg"" data-old-hires="""" onload=""this.onload=\'\';setCSMReq(\'af\');setCSMReq(\'cf\');"" class=""a-dynamic-image a-stretch-horizontal"" id=""fine-art-landingImage"" data-a-dynamic-image=""{&quot;http://ecx.images-amazon.com/images/I/51NruPx-1IL.jpg', u'http://ecx.images-amazon.com/images/I/51NruPx-1IL._SS58_.jpg', u'http://ecx.images-amazon.com/images/I/51NruPx-1IL._SS58_.jpg"",""large"":""http://ecx.images-amazon.com/images/I/51NruPx-1IL.jpg"",""main"":{""http://ecx.images-amazon.com/images/I/51NruPx-1IL.jpg', u'http://ecx.images-amazon.com/images/I/31M9-ehNhHL.jpg']",35000.0,"[u'15.25', u'18.25 in.']","Mount Williamson from Manzanar, California,",B00QU6P32I,18.25
Arabella Studios,"The cure for the common poster. Our high quality open edition digital art prints (giclées) are redefining what was traditionally the poster market. Available in pre-set standard sizes on paper or canvas, our Budget Editions (BED) collection is aggressively priced to meet your budget needs and offers the fresh, sophisticated imagery that is distinctively Grand Image. Please note, all prints are on loose paper, unmounted, and have an additional 1 inch trim border.",20.0,"[u'http://ecx.images-amazon.com/images/I/51mUS80BRNL._QL70_.jpg', u'http://ecx.images-amazon.com/images/I/51mUS80BRNL._QL70_.jpg', u'http://ecx.images-amazon.com/images/I/51mUS80BRNL._QL70_.jpg"" data-old-hires="""" onload=""this.onload=\'\';setCSMReq(\'af\');setCSMReq(\'cf\');"" class=""a-dynamic-image a-stretch-horizontal"" id=""fine-art-landingImage"" data-a-dynamic-image=""{&quot;http://ecx.images-amazon.com/images/I/51mUS80BRNL.jpg', u'http://ecx.images-amazon.com/images/I/51mUS80BRNL._SS58_.jpg', u'http://ecx.images-amazon.com/images/I/51mUS80BRNL._SS58_.jpg"",""large"":""http://ecx.images-amazon.com/images/I/51mUS80BRNL.jpg"",""main"":{""http://ecx.images-amazon.com/images/I/51mUS80BRNL.jpg', u'http://ecx.images-amazon.com/images/I/117stFZA6dL.jpg', u'http://ecx.images-amazon.com/images/I/51mUS80BRNL.jpg"",""variant"":""MAIN"",""thumb"":""http://ecx.images-amazon.com/images/I/51mUS80BRNL._SS58_.jpg"",""main"":{""http://ecx.images-amazon.com/images/I/51mUS80BRNL.jpg"":[""500"",""455""]}}],""30x27in."":[{""large"":""http://ecx.images-amazon.com/images/I/51mUS80BRNL.jpg"",""variant"":""MAIN"",""thumb"":""http://ecx.images-amazon.com/images/I/51mUS80BRNL._SS58_.jpg"",""main"":{""http://ecx.images-amazon.com/images/I/51mUS80BRNL.jpg"":[""500"",""455""]}}],""24x22in."":[{""large"":""http://ecx.images-amazon.com/images/I/51mUS80BRNL.jpg"",""variant"":""MAIN"",""thumb"":""http://ecx.images-amazon.com/images/I/51mUS80BRNL._SS58_.jpg"",""main"":{""http://ecx.images-amazon.com/images/I/51mUS80BRNL.jpg"":[""500"",""455""]}}],""20x18in."":[{""large"":""http://ecx.images-amazon.com/images/I/51mUS80BRNL.jpg"",""variant"":""MAIN"",""thumb"":""http://ecx.images-amazon.com/images/I/51mUS80BRNL._SS58_.jpg"",""main"":{""http://ecx.images-amazon.com/images/I/51mUS80BRNL.jpg']",55.0,"[u'20', u'18in.']",Posted Beach 1 (paper),B0147NW2Q0,18.0
Shahrokh Hatami,Signed on recto.,13.0,"[u'http://ecx.images-amazon.com/images/I/51O%2BCKFQ-fL._QL70_.jpg', u'http://ecx.images-amazon.com/images/I/51O%2BCKFQ-fL._QL70_.jpg', u'http://ecx.images-amazon.com/images/I/51O%2BCKFQ-fL._QL70_.jpg"" data-old-hires=""http://ecx.images-amazon.com/images/I/81Yjde7uElL._SL1500_.jpg"" onload=""this.onload=\'\';setCSMReq(\'af\');setCSMReq(\'cf\');"" class=""a-dynamic-image a-stretch-horizontal"" id=""fine-art-landingImage"" data-a-dynamic-image=""{&quot;http://ecx.images-amazon.com/images/I/81Yjde7uElL._SY500_.jpg&quot;:[500,615],&quot;http://ecx.images-amazon.com/images/I/81Yjde7uElL._SX500_.jpg', u'http://ecx.images-amazon.com/images/I/51O%2BCKFQ-fL._SS58_.jpg', u'http://ecx.images-amazon.com/images/I/81Yjde7uElL._SL1500_.jpg"",""thumb"":""http://ecx.images-amazon.com/images/I/51O%2BCKFQ-fL._SS58_.jpg"",""large"":""http://ecx.images-amazon.com/images/I/51O%2BCKFQ-fL.jpg"",""main"":{""http://ecx.images-amazon.com/images/I/81Yjde7uElL._SX500_.jpg"":[406,500],""http://ecx.images-amazon.com/images/I/81Yjde7uElL._SY500_.jpg', u'http://ecx.images-amazon.com/images/I/21ZtcXdozEL.jpg']",4500.0,"[u'13', u'16 in.']","Coco Chanel,",B00E3IEQ50,16.0
,,,[],,,,B00DWKQ0GI,
Lorenzo Laiken,"Stand and deliver. Specs: CAPTION IS PART OF PRINTED PIECE Signed and Numbered. Edition limited to 100. Printed on acid-free archival paper. Ship all pieces rolled in heavy-duty shipping tube, insured.",11.0,"[u'http://ecx.images-amazon.com/images/I/51sP%2BtcingL._QL70_.jpg', u'http://ecx.images-amazon.com/images/I/51sP%2BtcingL._QL70_.jpg', u'http://ecx.images-amazon.com/images/I/51sP%2BtcingL._QL70_.jpg"" data-old-hires=""http://ecx.images-amazon.com/images/I/714SwgSwknL._SL1008_.jpg"" onload=""this.onload=\'\';setCSMReq(\'af\');setCSMReq(\'cf\');"" class=""a-dynamic-image a-stretch-horizontal"" id=""fine-art-landingImage"" data-a-dynamic-image=""{&quot;http://ecx.images-amazon.com/images/I/714SwgSwknL._SX500_.jpg&quot;:[393,500],&quot;http://ecx.images-amazon.com/images/I/714SwgSwknL._SY500_.jpg', u'http://ecx.images-amazon.com/images/I/51sP%2BtcingL._SS58_.jpg', u'http://ecx.images-amazon.com/images/I/714SwgSwknL._SL1008_.jpg"",""thumb"":""http://ecx.images-amazon.com/images/I/51sP%2BtcingL._SS58_.jpg"",""large"":""http://ecx.images-amazon.com/images/I/51sP%2BtcingL.jpg"",""main"":{""http://ecx.images-amazon.com/images/I/714SwgSwknL._SX500_.jpg"":[393,500],""http://ecx.images-amazon.com/images/I/714SwgSwknL._SY500_.jpg', u'http://ecx.images-amazon.com/images/I/11YHSx0TXuL.jpg']",140.0,"[u'11', u'14', u'0.1 in.']","Porcelain Service for Ten,",B00DPY1ZG6,14.0
,,,[],,,,B00PCPESP6,
Alain Rivière-Lecoeur,"Part of Alain Rivière-Lecoeur's Flesh of the Earth (Chairs de Terre) body of work. Interlaced, naked, arising out of a primal glaze, they seem to have been captured at the moment where their Creator, according to Genesis, decides to breathe life into them. Their eyelids are still shut, their poses unstudied. A moment suspended in time when these beings emerge from their primeval matter, before separation when their destinies overtake them with a promise of beauty and eternity arising from this original impulse. Interacting in a remarkable choreography with the romantic grace of a Gericault mixed with a powerful lyricism, they remind us of Rodin. The photographs are printed on high quality Hahnemühle Photo Rag Ultra Smooth 305g and mounted on Dibond (aluminum composite), which is a good alternative to aluminum. Weighing less than half that of aluminum this material is composed of a dark plastic core with a thin layer of aluminum coated on each side. This archival mounting solution is perfect for large pieces and a perfect alternative for archival framing and large print mounting. They are framed with a dark brown wood Float frame without glass (called ""Caisse Americaine"" or ""American Casing"").",25.5,"[u'http://ecx.images-amazon.com/images/I/51GzWZkyTSL._QL70_.jpg', u'http://ecx.images-amazon.com/images/I/51GzWZkyTSL._QL70_.jpg', u'http://ecx.images-amazon.com/images/I/51GzWZkyTSL._QL70_.jpg"" data-old-hires="""" onload=""this.onload=\'\';setCSMReq(\'af\');setCSMReq(\'cf\');"" class=""a-dynamic-image a-stretch-horizontal"" id=""fine-art-landingImage"" data-a-dynamic-image=""{&quot;http://ecx.images-amazon.com/images/I/51GzWZkyTSL.jpg', u'http://ecx.images-amazon.com/images/I/51GzWZkyTSL._SS58_.jpg', u'http://ecx.images-amazon.com/images/I/51GzWZkyTSL._SS58_.jpg"",""large"":""http://ecx.images-amazon.com/images/I/51GzWZkyTSL.jpg"",""main"":{""http://ecx.images-amazon.com/images/I/51GzWZkyTSL.jpg', u'http://ecx.images-amazon.com/images/I/11Dc34qpVdL.jpg']",4300.0,"[u'25.5', u'1.5', u'25.5 in.']","Botero,",B015HRBLYO,1.5
,,,[],,,,B018DTNKI8,
Clyde Butcher,"moonrise, clouds, forest, landscape, black and white photography, classic, night",37.0,"[u'http://ecx.images-amazon.com/images/I/5191m4PEzcL._QL70_.jpg', u'http://ecx.images-amazon.com/images/I/5191m4PEzcL._QL70_.jpg', u'http://ecx.images-amazon.com/images/I/5191m4PEzcL._QL70_.jpg"" data-old-hires="""" onload=""this.onload=\'\';setCSMReq(\'af\');setCSMReq(\'cf\');"" class=""a-dynamic-image a-stretch-horizontal"" id=""fine-art-landingImage"" data-a-dynamic-image=""{&quot;http://ecx.images-amazon.com/images/I/5191m4PEzcL.jpg', u'http://ecx.images-amazon.com/images/I/5191m4PEzcL._SS58_.jpg', u'http://ecx.images-amazon.com/images/I/5191m4PEzcL._SS58_.jpg"",""large"":""http://ecx.images-amazon.com/images/I/5191m4PEzcL.jpg"",""main"":{""http://ecx.images-amazon.com/images/I/5191m4PEzcL.jpg', u'http://ecx.images-amazon.com/images/I/31FaYP4DyIL.jpg']",15995.0,"[u'37', u'26 in.']",Moonrise,B00H275CPW,26.0
Will McBride,"Signed, titled and dated on verso.",20.0,"[u'http://ecx.images-amazon.com/images/I/51RE9TEG-ZL._QL70_.jpg', u'http://ecx.images-amazon.com/images/I/51RE9TEG-ZL._QL70_.jpg', u'http://ecx.images-amazon.com/images/I/51RE9TEG-ZL._QL70_.jpg"" data-old-hires=""http://ecx.images-amazon.com/images/I/71vLyIqLUpL._SL1129_.jpg"" onload=""this.onload=\'\';setCSMReq(\'af\');setCSMReq(\'cf\');"" class=""a-dynamic-image a-stretch-horizontal"" id=""fine-art-landingImage"" data-a-dynamic-image=""{&quot;http://ecx.images-amazon.com/images/I/71vLyIqLUpL._SX500_.jpg&quot;:[425,500],&quot;http://ecx.images-amazon.com/images/I/71vLyIqLUpL._SY500_.jpg', u'http://ecx.images-amazon.com/images/I/51RE9TEG-ZL._SS58_.jpg', u'http://ecx.images-amazon.com/images/I/71vLyIqLUpL._SL1129_.jpg"",""thumb"":""http://ecx.images-amazon.com/images/I/51RE9TEG-ZL._SS58_.jpg"",""large"":""http://ecx.images-amazon.com/images/I/51RE9TEG-ZL.jpg"",""main"":{""http://ecx.images-amazon.com/images/I/71vLyIqLUpL._SX500_.jpg"":[425,500],""http://ecx.images-amazon.com/images/I/71vLyIqLUpL._SY500_.jpg', u'http://ecx.images-amazon.com/images/I/21ZtcXdozEL.jpg']",4500.0,"[u'20', u'24 in.']","Boys Wrestling at Jane's Place, Berlin,",B00E3HYDD6,24.0
,,,[],,,,B00E3I0SQQ,
Katherine Gendreau,"I captured this shot of driftwood on the beach at sunset. Taken at Sakonnet Point, Little Compton, Rhode Island.",16.0,"[u'http://ecx.images-amazon.com/images/I/51rJcasgXrL._QL70_.jpg', u'http://ecx.images-amazon.com/images/I/51rJcasgXrL._QL70_.jpg', u'http://ecx.images-amazon.com/images/I/51rJcasgXrL._QL70_.jpg"" data-old-hires=""http://ecx.images-amazon.com/images/I/A1igpvTaWLL._SL1500_.jpg"" onload=""this.onload=\'\';setCSMReq(\'af\');setCSMReq(\'cf\');"" class=""a-dynamic-image a-stretch-horizontal"" id=""fine-art-landingImage"" data-a-dynamic-image=""{&quot;http://ecx.images-amazon.com/images/I/A1igpvTaWLL._SY500_.jpg&quot;:[500,750],&quot;http://ecx.images-amazon.com/images/I/A1igpvTaWLL._SX500_.jpg&quot;:[333,500],&quot;http://ecx.images-amazon.com/images/I/A1igpvTaWLL._SX700_.jpg', u'http://ecx.images-amazon.com/images/I/51rJcasgXrL._SS58_.jpg', u'http://ecx.images-amazon.com/images/I/A1igpvTaWLL._SL1500_.jpg"",""thumb"":""http://ecx.images-amazon.com/images/I/51rJcasgXrL._SS58_.jpg"",""large"":""http://ecx.images-amazon.com/images/I/51rJcasgXrL.jpg"",""main"":{""http://ecx.images-amazon.com/images/I/A1igpvTaWLL._SX500_.jpg"":[333,500],""http://ecx.images-amazon.com/images/I/A1igpvTaWLL._SX700_.jpg"":[467,700],""http://ecx.images-amazon.com/images/I/A1igpvTaWLL._SY500_.jpg', u'http://ecx.images-amazon.com/images/I/51rJcasgXrL.jpg"",""variant"":""MAIN"",""hiRes"":""http://ecx.images-amazon.com/images/I/A1igpvTaWLL._SL1500_.jpg"",""thumb"":""http://ecx.images-amazon.com/images/I/51rJcasgXrL._SS58_.jpg"",""main"":{""http://ecx.images-amazon.com/images/I/A1igpvTaWLL._SX500_.jpg"":[""333"",""500""],""http://ecx.images-amazon.com/images/I/A1igpvTaWLL._SY500_.jpg"":[""500"",""750""],""http://ecx.images-amazon.com/images/I/A1igpvTaWLL._SX700_.jpg"":[""467"",""700""],""http://ecx.images-amazon.com/images/I/A1igpvTaWLL._SY590_.jpg']",225.0,"[u'16', u'24 in.']","Sakonnet Driftwood,",B00TUCCREG,24.0
